utc	session	serial_offset	input
2026-10-04T23:22:37.850833+00:00	dos-suite	978	ver
2026-10-04T23:22:38.290563+00:00	dos-suite	1014	dir
2026-10-04T23:22:38.730607+00:00	dos-suite	1385	type README.TXT
2026-10-04T23:22:39.757952+00:00	dos-suite	1402	copy SELF.BIN .\SELF.BIN
2026-10-04T23:22:41.167605+00:00	dos-suite	1544	copy SELF.BIN A:\SELF.BIN
2026-10-04T23:22:42.622135+00:00	dos-suite	1633	copy SELF.BIN \SELF.BIN
2026-10-04T23:22:43.985080+00:00	dos-suite	1721	copy SELF.BIN OTHER\..\SELF.BIN
2026-10-04T23:22:45.716935+00:00	dos-suite	1813	dir
2026-10-04T23:22:46.181386+00:00	dos-suite	1821	type FILLED\SAVE.TXT
2026-10-04T23:22:46.487315+00:00	desktop-main	10748	Aa9
2026-10-04T23:22:47.405554+00:00	dos-suite	2275	copy README.TXT FILLED
2026-10-04T23:22:48.722614+00:00	dos-suite	2319	copy SELF.BIN FILLED\
2026-10-04T23:22:49.992930+00:00	dos-suite	2370	type FILLED\SAVE.TXT
2026-10-04T23:22:51.217438+00:00	dos-suite	2421	type FILLED\README.TXT
2026-10-04T23:22:52.534054+00:00	dos-suite	2465	cd FILLED
2026-10-04T23:22:53.250801+00:00	dos-suite	2475	dir
2026-10-04T23:22:53.690510+00:00	dos-suite	2481	cd \
2026-10-04T23:22:54.200417+00:00	dos-suite	2610	del DELTEST\Z*.TXT
2026-10-04T23:22:55.331300+00:00	dos-suite	2826	type KEEP.TXT
2026-10-04T23:22:56.232362+00:00	dos-suite	2882	type DELTEST\KEEP.TXT
2026-10-04T23:22:57.501744+00:00	dos-suite	2929	cd DELTEST
2026-10-04T23:22:58.263847+00:00	dos-suite	2940	dir
2026-10-04T23:22:58.703173+00:00	dos-suite	2974	cd \
2026-10-04T23:22:59.210217+00:00	dos-suite	3012	del ALLTEST\*.*
2026-10-04T23:23:00.225569+00:00	dos-suite	3213	n
2026-10-04T23:23:00.572815+00:00	dos-suite	3241	type ALLTEST\A0.TXT
2026-10-04T23:23:01.769671+00:00	dos-suite	3271	del ALLTEST\*.*
2026-10-04T23:23:02.762310+00:00	dos-suite	3314	y
2026-10-04T23:23:03.109566+00:00	dos-suite	3377	cd ALLTEST
2026-10-04T23:23:03.871854+00:00	dos-suite	3407	dir
2026-10-04T23:23:04.334618+00:00	dos-suite	3594	cd \
2026-10-04T23:23:04.820245+00:00	dos-suite	3610	copy README.TXT READONLY.TXT
2026-10-04T23:23:06.411221+00:00	dos-suite	3633	type READONLY.TXT
2026-10-04T23:23:07.495666+00:00	dos-suite	3687	del READONLY.TXT
2026-10-04T23:23:08.534375+00:00	dos-suite	3830	type READONLY.TXT
2026-10-04T23:23:09.618645+00:00	dos-suite	3858	ren READONLY.TXT RENAMED.TXT
2026-10-04T23:23:11.210363+00:00	dos-suite	3909	dir
2026-10-04T23:23:11.672387+00:00	dos-suite	3915	md LONGDIRECTORY
2026-10-04T23:23:12.711030+00:00	dos-suite	4141	md LONGDIRECTX
2026-10-04T23:23:13.544944+00:00	desktop-main	17115	Hello
2026-10-04T23:23:13.658146+00:00	dos-suite	4194	md BAD?NAME
2026-10-04T23:23:14.227709+00:00	desktop-main	19753	123
2026-10-04T23:23:14.466856+00:00	dos-suite	4204	md CON
2026-10-04T23:23:14.818173+00:00	desktop-main	21912	1.5
2026-10-04T23:23:15.045960+00:00	dos-suite	4253	md AUX
2026-10-04T23:23:15.409208+00:00	desktop-main	24071	-7
2026-10-04T23:23:15.624084+00:00	dos-suite	4273	dir
2026-10-04T23:23:16.063348+00:00	dos-suite	4291	cd LONGDIRECTORY
2026-10-04T23:23:16.580036+00:00	desktop-main	27102	+B1*2
2026-10-04T23:23:17.104366+00:00	dos-suite	4566	cd
2026-10-04T23:23:17.497823+00:00	dos-suite	4571	cd \
2026-10-04T23:23:17.983924+00:00	dos-suite	4644	copy KEEP.TXT LongFilename.txt
2026-10-04T23:23:18.066289+00:00	desktop-main	29461	/fs
2026-10-04T23:23:18.833786+00:00	desktop-main	30775	Z100
2026-10-04T23:23:19.669729+00:00	dos-suite	4702	copy KEEP.TXT LongFileOther.txt
2026-10-04T23:23:21.401032+00:00	dos-suite	4761	dir
2026-10-04T23:23:21.863856+00:00	dos-suite	4988	copy NOFILE.TXT KEEP.TXT
2026-10-04T23:23:23.271738+00:00	dos-suite	5033	type KEEP.TXT
2026-10-04T23:23:24.171398+00:00	dos-suite	5075	copy CTRLZ.TXT ASCII.TXT /A
2026-10-04T23:23:25.715500+00:00	dos-suite	5126	type ASCII.TXT
2026-10-04T23:23:26.662743+00:00	dos-suite	5169	copy CTRLZ.TXT BINARY.TXT /B
2026-10-04T23:23:28.252577+00:00	dos-suite	5220	type BINARY.TXT
2026-10-04T23:23:29.244370+00:00	dos-suite	5264	copy KEEP.TXT+CTRLZ.TXT MERGE.TXT
2026-10-04T23:23:31.065557+00:00	dos-suite	5318	type MERGE.TXT
2026-10-04T23:23:32.030166+00:00	dos-suite	5331	md WORK
2026-10-04T23:23:32.653042+00:00	dos-suite	5369	cd WORK
2026-10-04T23:23:33.275537+00:00	dos-suite	5406	md SUB
2026-10-04T23:23:33.852481+00:00	dos-suite	5427	cd SUB
2026-10-04T23:23:34.430106+00:00	dos-suite	5452	cd ..
2026-10-04T23:23:34.961457+00:00	dos-suite	5497	cd
2026-10-04T23:23:35.354524+00:00	dos-suite	5554	dir *.TXT
2026-10-04T23:23:36.069754+00:00	dos-suite	5691	dir /W
2026-10-04T23:23:36.647197+00:00	dos-suite	5825	dir NOFILE.XYZ
2026-10-04T23:23:37.592499+00:00	dos-suite	5840	rd SUB
2026-10-04T23:23:38.169690+00:00	dos-suite	5990	cd \
2026-10-04T23:23:38.654966+00:00	dos-suite	6011	rd WORK
2026-10-04T23:23:39.278180+00:00	dos-suite	6088	cd NOEXIST
2026-10-04T23:23:40.038584+00:00	dos-suite	6134	rd FILLED
2026-10-04T23:23:40.768007+00:00	dos-suite	6213	set AUDIT=VALUE
2026-10-04T23:23:41.759284+00:00	dos-suite	6228	echo %AUDIT%
2026-10-04T23:23:42.612383+00:00	dos-suite	6267	set AUDIT=
2026-10-04T23:23:43.373380+00:00	dos-suite	6310	set
2026-10-04T23:23:43.812533+00:00	dos-suite	6374	prompt $p$g
2026-10-04T23:23:44.619432+00:00	dos-suite	6402	break
2026-10-04T23:23:45.150648+00:00	dos-suite	6437	break off
2026-10-04T23:23:45.866329+00:00	dos-suite	6477	break
2026-10-04T23:23:46.397330+00:00	dos-suite	6513	break on
2026-10-04T23:23:47.066528+00:00	dos-suite	6551	verify
2026-10-04T23:23:47.643544+00:00	dos-suite	6600	path
2026-10-04T23:23:48.128898+00:00	dos-suite	6647	vol
2026-10-04T23:23:48.587771+00:00	dos-suite	6693	CHECK ONE TWO
2026-10-04T23:23:49.487537+00:00	dos-suite	6705	for %f in (ONE TWO) do echo %f
2026-10-04T23:23:51.170359+00:00	dos-suite	6779	if exist KEEP.TXT echo EXISTS
2026-10-04T23:23:52.806105+00:00	dos-suite	6850	call CHILD.BAT ARG
2026-10-04T23:23:53.935733+00:00	dos-suite	6910	echo first > OUT.TXT
2026-10-04T23:23:55.158406+00:00	dos-suite	6974	echo second >> OUT.TXT
2026-10-04T23:23:56.473011+00:00	dos-suite	7015	type OUT.TXT
2026-10-04T23:23:57.327181+00:00	dos-suite	7061	type OUT.TXT | TYPE
2026-10-04T23:23:58.524135+00:00	dos-suite	7096	date 02-30-1999
2026-10-04T23:23:59.515320+00:00	dos-suite	7219	time 25:99:99
2026-10-04T23:24:00.414835+00:00	dos-suite	7292	date 12-31-1999
2026-10-04T23:24:01.406401+00:00	dos-suite	7356	date
2026-10-04T23:24:01.891728+00:00	dos-suite	7409	time 23:59:50
2026-10-04T23:24:02.796411+00:00	dos-suite	7468	time
2026-10-04T23:24:03.303063+00:00	dos-suite	7518	help
2026-10-04T23:24:03.788537+00:00	dos-suite	7565	chkdsk
2026-10-04T23:24:04.366437+00:00	dos-suite	7614	format
2026-10-04T23:24:04.944389+00:00	dos-suite	7663	diskcopy
2026-10-04T23:24:05.614087+00:00	dos-suite	7714	attrib
2026-10-04T23:24:06.191533+00:00	dos-suite	7763	tree
2026-10-04T23:24:06.676245+00:00	dos-suite	7810	find
2026-10-04T23:24:07.161001+00:00	dos-suite	7857	sort
2026-10-04T23:24:07.646499+00:00	dos-suite	7904	more
2026-10-04T23:24:08.131955+00:00	dos-suite	7951	rename KEEP.TXT KEPT.TXT
2026-10-04T23:24:09.537080+00:00	dos-suite	7973	type KEPT.TXT
2026-10-04T23:24:10.435792+00:00	dos-suite	8030	erase KEPT.TXT
2026-10-04T23:24:11.380546+00:00	dos-suite	8078	type KEPT.TXT
2026-10-04T23:24:12.280195+00:00	dos-suite	8125	chdir FILLED
2026-10-04T23:24:13.132857+00:00	dos-suite	8205	mkdir XX
2026-10-04T23:24:13.802525+00:00	dos-suite	8230	rmdir XX
2026-10-04T23:24:14.472170+00:00	dos-suite	8255	chdir \
2026-10-04T23:24:15.095463+00:00	dos-suite	8279	cls
2026-10-04T23:24:15.534547+00:00	dos-suite	8300	echo CLEARED
2026-10-04T23:24:16.388227+00:00	dos-suite	8372	exit
2026-10-04T23:24:56.714155+00:00	desktop-main	52797	@SUM(B1..D1)
2026-10-04T23:24:58.046972+00:00	desktop-main	56702	1E99
2026-10-04T23:24:58.684464+00:00	desktop-main	59088	1E300
2026-10-04T23:24:59.696110+00:00	desktop-main	61327	abcdefghijklmnopqrstuvwxyzabcdefghijklmnopqrstuvwxyzabcdefghijklmnopqrstuvwxyzabcdefghijklmnopqrstuvwxyz
2026-10-04T23:25:26.564973+00:00	dos-corrected	978	ver
2026-10-04T23:25:27.003789+00:00	dos-corrected	1014	dir
2026-10-04T23:25:27.442148+00:00	dos-corrected	1385	type README.TXT
2026-10-04T23:25:28.457353+00:00	dos-corrected	1401	copy SELF.BIN .\SELF.BIN
2026-10-04T23:25:29.862448+00:00	dos-corrected	1544	copy SELF.BIN A:\SELF.BIN
2026-10-04T23:25:31.310928+00:00	dos-corrected	1633	copy SELF.BIN \SELF.BIN
2026-10-04T23:25:32.668514+00:00	dos-corrected	1721	copy SELF.BIN OTHER\..\SELF.BIN
2026-10-04T23:25:34.393073+00:00	dos-corrected	1813	dir
2026-10-04T23:25:34.854571+00:00	dos-corrected	1821	type FILLED\SAVE.TXT
2026-10-04T23:25:36.075525+00:00	dos-corrected	2275	copy README.TXT FILLED
2026-10-04T23:25:37.387554+00:00	dos-corrected	2319	copy SELF.BIN FILLED\
2026-10-04T23:25:38.653730+00:00	dos-corrected	2370	type FILLED\SAVE.TXT
2026-10-04T23:25:39.875327+00:00	dos-corrected	2420	type FILLED\README.TXT
2026-10-04T23:25:41.188810+00:00	dos-corrected	2464	cd FILLED
2026-10-04T23:25:41.903794+00:00	dos-corrected	2474	dir
2026-10-04T23:25:42.342928+00:00	dos-corrected	2480	cd ..
2026-10-04T23:25:42.894331+00:00	dos-corrected	2610	del DELTEST\Z*.TXT
2026-10-04T23:25:44.025354+00:00	dos-corrected	2820	type KEEP.TXT
2026-10-04T23:25:44.924026+00:00	dos-corrected	2833	type DELTEST\KEEP.TXT
2026-10-04T23:25:46.194969+00:00	dos-corrected	2882	cd DELTEST
2026-10-04T23:25:46.958405+00:00	dos-corrected	2892	dir
2026-10-04T23:25:47.398280+00:00	dos-corrected	2921	cd ..
2026-10-04T23:25:47.956341+00:00	dos-corrected	2941	del ALLTEST\*.*
2026-10-04T23:25:48.977702+00:00	dos-corrected	3088	n
2026-10-04T23:25:49.325399+00:00	dos-corrected	3115	type ALLTEST\A0.TXT
2026-10-04T23:25:50.530581+00:00	dos-corrected	3140	del ALLTEST\*.*
2026-10-04T23:25:51.527316+00:00	dos-corrected	3170	y
2026-10-04T23:25:51.874925+00:00	dos-corrected	3199	cd ALLTEST
2026-10-04T23:25:52.328038+00:00	desktop-main	88488	0123456789012345678901234567890123456789012345678901234567890123456789012345678901234567890123456789
2026-10-04T23:25:52.638106+00:00	dos-corrected	3222	dir
2026-10-04T23:25:53.106315+00:00	dos-corrected	3324	cd ..
2026-10-04T23:25:53.639139+00:00	dos-corrected	3335	copy README.TXT READONLY.TXT
2026-10-04T23:25:55.236473+00:00	dos-corrected	3358	type READONLY.TXT
2026-10-04T23:25:56.324106+00:00	dos-corrected	3406	del READONLY.TXT
2026-10-04T23:25:57.363571+00:00	dos-corrected	3543	type READONLY.TXT
2026-10-04T23:25:57.431566+00:00	desktop-main	109760	abcdefghijklmnopqrstuvwxyzabcdefghijklmnopqrstuvwxyzabcdefghijklmnopqrstuvwxyzabcdefghijklmnopqrstuvwxyz
2026-10-04T23:25:58.450261+00:00	dos-corrected	3565	ren READONLY.TXT RENAMED.TXT
2026-10-04T23:26:00.044169+00:00	dos-corrected	3610	dir
2026-10-04T23:26:00.512687+00:00	dos-corrected	3616	md LONGDIRECTORY
2026-10-04T23:26:01.554523+00:00	dos-corrected	3832	md LONGDIRECTX
2026-10-04T23:26:02.503706+00:00	dos-corrected	4053	md BAD?NAME
2026-10-04T23:26:03.197687+00:00	desktop-main	132272	'RIGHT
2026-10-04T23:26:03.313525+00:00	dos-corrected	4064	md CON
2026-10-04T23:26:03.778379+00:00	desktop-main	134891	"Right
2026-10-04T23:26:03.892712+00:00	dos-corrected	4106	md AUX
2026-10-04T23:26:04.471520+00:00	dos-corrected	4120	dir
2026-10-04T23:26:04.509215+00:00	desktop-main	137770	^Center
2026-10-04T23:26:04.661657+00:00	desktop-main	138327	\-
2026-10-04T23:26:04.911399+00:00	dos-corrected	4133	cd LONGDIRECTORY
2026-10-04T23:26:05.949955+00:00	dos-corrected	4572	cd
2026-10-04T23:26:06.343262+00:00	dos-corrected	4577	cd ..
2026-10-04T23:26:06.874546+00:00	dos-corrected	4626	copy KEEP.TXT LongFilename.txt
2026-10-04T23:26:08.557258+00:00	dos-corrected	4688	copy KEEP.TXT LongFileOther.txt
2026-10-04T23:26:09.350099+00:00	desktop-main	143538	Test notes
2026-10-04T23:26:10.287781+00:00	dos-corrected	4746	dir
2026-10-04T23:26:10.749484+00:00	dos-corrected	5078	copy NOFILE.TXT KEEP.TXT
2026-10-04T23:26:12.156590+00:00	dos-corrected	5193	type KEEP.TXT
2026-10-04T23:26:13.056614+00:00	dos-corrected	5229	copy CTRLZ.TXT ASCII.TXT /A
2026-10-04T23:26:14.604343+00:00	dos-corrected	5275	type ASCII.TXT
2026-10-04T23:26:15.552489+00:00	dos-corrected	5322	copy CTRLZ.TXT BINARY.TXT /B
2026-10-04T23:26:17.146881+00:00	dos-corrected	5367	type BINARY.TXT
2026-10-04T23:26:18.141354+00:00	dos-corrected	5415	copy KEEP.TXT+CTRLZ.TXT MERGE.TXT
2026-10-04T23:26:19.968297+00:00	dos-corrected	5463	type MERGE.TXT
2026-10-04T23:26:20.947382+00:00	dos-corrected	5477	md WORK
2026-10-04T23:26:21.572469+00:00	dos-corrected	5509	cd WORK
2026-10-04T23:26:22.198038+00:00	dos-corrected	5540	md SUB
2026-10-04T23:26:22.776902+00:00	dos-corrected	5554	cd SUB
2026-10-04T23:26:23.354658+00:00	dos-corrected	5572	cd ..
2026-10-04T23:26:23.886676+00:00	dos-corrected	5604	cd
2026-10-04T23:26:24.280373+00:00	dos-corrected	5639	dir *.TXT
2026-10-04T23:26:24.996427+00:00	dos-corrected	5722	dir /W
2026-10-04T23:26:25.575314+00:00	dos-corrected	5874	dir NOFILE.XYZ
2026-10-04T23:26:26.522630+00:00	dos-corrected	5911	rd SUB
2026-10-04T23:26:27.100255+00:00	dos-corrected	6047	cd ..
2026-10-04T23:26:27.632006+00:00	dos-corrected	6058	rd WORK
2026-10-04T23:26:28.255840+00:00	dos-corrected	6071	cd NOEXIST
2026-10-04T23:26:29.018592+00:00	dos-corrected	6101	rd FILLED
2026-10-04T23:26:29.627915+00:00	desktop-main	145026	Test notes
2026-10-04T23:26:29.759576+00:00	dos-corrected	6174	set AUDIT=VALUE
2026-10-04T23:26:30.753657+00:00	dos-corrected	6189	echo %AUDIT%
2026-10-04T23:26:31.608055+00:00	dos-corrected	6208	set AUDIT=
2026-10-04T23:26:32.370388+00:00	dos-corrected	6238	set
2026-10-04T23:26:32.809718+00:00	dos-corrected	6291	prompt $p$g
2026-10-04T23:26:33.617800+00:00	dos-corrected	6308	break
2026-10-04T23:26:34.149725+00:00	dos-corrected	6332	break off
2026-10-04T23:26:34.412253+00:00	desktop-main	153397	Center
2026-10-04T23:26:34.866448+00:00	dos-corrected	6361	break
2026-10-04T23:26:35.397732+00:00	dos-corrected	6386	break on
2026-10-04T23:26:36.067832+00:00	dos-corrected	6413	verify
2026-10-04T23:26:36.645575+00:00	dos-corrected	6451	path
2026-10-04T23:26:37.131092+00:00	dos-corrected	6487	vol
2026-10-04T23:26:37.592940+00:00	dos-corrected	6522	CHECK ONE TWO
2026-10-04T23:26:38.501351+00:00	dos-corrected	6535	for %f in (ONE TWO) do echo %f
2026-10-04T23:26:40.183555+00:00	dos-corrected	6660	if exist KEEP.TXT echo EXISTS
2026-10-04T23:26:41.819365+00:00	dos-corrected	6720	call CHILD.BAT ARG
2026-10-04T23:26:42.950275+00:00	dos-corrected	6769	echo first > OUT.TXT
2026-10-04T23:26:44.173075+00:00	dos-corrected	6822	echo second >> OUT.TXT
2026-10-04T23:26:45.487536+00:00	dos-corrected	6852	type OUT.TXT
2026-10-04T23:26:46.341836+00:00	dos-corrected	6887	type OUT.TXT | TYPE
2026-10-04T23:26:47.539680+00:00	dos-corrected	6911	date 02-30-1999
2026-10-04T23:26:48.531448+00:00	dos-corrected	7012	time 25:99:99
2026-10-04T23:26:49.431442+00:00	dos-corrected	7074	date 12-31-1999
2026-10-04T23:26:50.422982+00:00	dos-corrected	7127	date
2026-10-04T23:26:50.908845+00:00	dos-corrected	7169	time 23:59:50
2026-10-04T23:26:51.808322+00:00	dos-corrected	7217	time
2026-10-04T23:26:52.313373+00:00	dos-corrected	7256	help
2026-10-04T23:26:52.797814+00:00	dos-corrected	7292	chkdsk
2026-10-04T23:26:53.374018+00:00	dos-corrected	7330	format
2026-10-04T23:26:53.950037+00:00	dos-corrected	7368	diskcopy
2026-10-04T23:26:54.619733+00:00	dos-corrected	7408	attrib
2026-10-04T23:26:55.197510+00:00	dos-corrected	7446	tree
2026-10-04T23:26:55.682199+00:00	dos-corrected	7482	find
2026-10-04T23:26:56.166587+00:00	dos-corrected	7518	sort
2026-10-04T23:26:56.650917+00:00	dos-corrected	7554	more
2026-10-04T23:26:57.135533+00:00	dos-corrected	7590	rename KEEP.TXT KEPT.TXT
2026-10-04T23:26:58.538196+00:00	dos-corrected	7612	type KEPT.TXT
2026-10-04T23:26:59.437095+00:00	dos-corrected	7632	erase KEPT.TXT
2026-10-04T23:27:00.380580+00:00	dos-corrected	7670	type KEPT.TXT
2026-10-04T23:27:01.279043+00:00	dos-corrected	7690	chdir FILLED
2026-10-04T23:27:02.134772+00:00	dos-corrected	7735	mkdir XX
2026-10-04T23:27:02.807458+00:00	dos-corrected	7755	rmdir XX
2026-10-04T23:27:03.477387+00:00	dos-corrected	7775	cd ..
2026-10-04T23:27:04.008147+00:00	dos-corrected	7786	cls
2026-10-04T23:27:04.447020+00:00	dos-corrected	7811	echo CLEARED
2026-10-04T23:27:05.300291+00:00	dos-corrected	7868	cd
2026-10-04T23:28:29.466855+00:00	db-suite	636	USE CLIENTS
2026-10-04T23:28:30.286968+00:00	db-suite	647	USE CLIENTS.DBF
2026-10-04T23:28:31.292658+00:00	db-suite	690	LIST
2026-10-04T23:28:31.784958+00:00	db-suite	700	DISPLAY STRUCTURE
2026-10-04T23:28:32.891517+00:00	db-suite	837	? RECCOUNT(),RECNO(),EOF(),BOF()
2026-10-04T23:28:34.917683+00:00	db-suite	886	GO TOP
2026-10-04T23:28:35.502080+00:00	db-suite	894	SKIP -1
2026-10-04T23:28:36.137083+00:00	db-suite	921	? RECNO(),BOF(),EOF()
2026-10-04T23:28:37.429965+00:00	db-suite	943	GO BOTTOM
2026-10-04T23:28:38.161743+00:00	db-suite	953	SKIP
2026-10-04T23:28:38.652081+00:00	db-suite	973	? RECNO(),BOF(),EOF()
2026-10-04T23:28:39.948973+00:00	db-suite	997	GO 0
2026-10-04T23:28:40.441140+00:00	db-suite	1004	? RECNO(),BOF(),EOF()
2026-10-04T23:28:41.735464+00:00	db-suite	1066	GO 999
2026-10-04T23:28:42.317674+00:00	db-suite	1074	? RECNO(),BOF(),EOF()
2026-10-04T23:28:43.613082+00:00	db-suite	1137	GO TOP
2026-10-04T23:28:44.424163+00:00	db-suite	1148	LIST NEXT 2
2026-10-04T23:28:45.246910+00:00	db-suite	1175	GO 2
2026-10-04T23:28:45.739642+00:00	db-suite	1182	LIST REST
2026-10-04T23:28:46.467778+00:00	db-suite	1278	LIST RECORD 2
2026-10-04T23:28:47.385567+00:00	db-suite	1372	LIST LAST,BAL FOR BAL > 1000
2026-10-04T23:28:49.016018+00:00	db-suite	1436	GO TOP
2026-10-04T23:28:49.602838+00:00	db-suite	1444	LIST WHILE BAL > 0
2026-10-04T23:28:50.755838+00:00	db-suite	1488	LOCATE FOR BAL < 0
2026-10-04T23:28:51.908149+00:00	db-suite	1549	? FOUND(),RECNO()
2026-10-04T23:28:53.011791+00:00	db-suite	1569	CONTINUE
2026-10-04T23:28:53.695008+00:00	db-suite	1578	? FOUND(),EOF()
2026-10-04T23:28:54.927570+00:00	db-suite	1606	SET FILTER TO BAL > 1000
2026-10-04T23:28:56.362593+00:00	db-suite	1637	GO TOP
2026-10-04T23:28:56.950355+00:00	db-suite	1645	LIST
2026-10-04T23:28:57.442714+00:00	db-suite	1653	SET FILTER TO
2026-10-04T23:28:58.361803+00:00	db-suite	1674	GO TOP
2026-10-04T23:28:58.946496+00:00	db-suite	1804	DELETE
2026-10-04T23:28:59.533538+00:00	db-suite	1816	? DELETED()
2026-10-04T23:29:00.354151+00:00	db-suite	1830	DISPLAY
2026-10-04T23:29:00.980094+00:00	db-suite	1842	SET DELETED ON
2026-10-04T23:29:01.944702+00:00	db-suite	1861	RECALL
2026-10-04T23:29:02.529839+00:00	db-suite	1913	SET DELETED OFF
2026-10-04T23:29:03.764682+00:00	db-suite	1960	GO TOP
2026-10-04T23:29:04.349307+00:00	db-suite	1968	REPLACE BAL WITH 123.45
2026-10-04T23:29:05.725345+00:00	db-suite	2017	DISPLAY
2026-10-04T23:29:06.348238+00:00	db-suite	2026	REPLACE BAL WITH "wrong"
2026-10-04T23:29:07.758688+00:00	db-suite	2094	DISPLAY
2026-10-04T23:29:08.390770+00:00	db-suite	2103	REPLACE LAST WITH "ABCDEFGHIJKLMNOPQRSTUVWXYZ"
2026-10-04T23:29:10.857027+00:00	db-suite	2208	DISPLAY
2026-10-04T23:29:11.486553+00:00	db-suite	2216	APPEND BLANK
2026-10-04T23:29:12.356484+00:00	db-suite	2227	REPLACE LAST WITH "AUDIT",FIRST WITH "NEW",BAL WITH -12.5
2026-10-04T23:29:15.300998+00:00	db-suite	2338	LIST
2026-10-04T23:29:15.786367+00:00	db-suite	2345	USE
2026-10-04T23:29:16.225376+00:00	db-suite	2351	USE CLIENTS.DBF
2026-10-04T23:29:17.216207+00:00	db-suite	2365	LIST
2026-10-04T23:29:17.921097+00:00	db-suite	2374	STORE 2 TO X
2026-10-04T23:29:18.774371+00:00	db-suite	2389	? X
2026-10-04T23:29:19.213460+00:00	db-suite	2538	X = X + 3
2026-10-04T23:29:19.928793+00:00	db-suite	2590	? X
2026-10-04T23:29:20.368076+00:00	db-suite	2596	STORE "hello" TO MESSAGE
2026-10-04T23:29:21.773444+00:00	db-suite	2779	? MESSAGE
2026-10-04T23:29:22.488754+00:00	db-suite	2797	? 1/0
2026-10-04T23:29:23.020348+00:00	db-suite	2813	? SQRT(-1)
2026-10-04T23:29:23.781558+00:00	db-suite	2826	? 2^3
2026-10-04T23:29:24.312368+00:00	db-suite	2833	? 2**3
2026-10-04T23:29:24.889450+00:00	db-suite	2844	? -2^2
2026-10-04T23:29:25.466290+00:00	db-suite	2905	? 0.1+0.2
2026-10-04T23:29:26.181250+00:00	db-suite	2946	? ROUND(-2.5,0)
2026-10-04T23:29:27.386304+00:00	db-suite	2983	? LEN("abc"),LEFT("abcdef",3),RIGHT("abcdef",2)
2026-10-04T23:29:29.848441+00:00	db-suite	3037	? SUBSTR("abcdef",2,3)
2026-10-04T23:29:31.172360+00:00	db-suite	3060	? UPPER("ab"),LOWER("XY"),TRIM("A  ")
2026-10-04T23:29:33.228714+00:00	db-suite	3114	? STR(12.5,8,2),VAL("-4.5")
2026-10-04T23:29:34.808949+00:00	db-suite	3136	? "A" = "AB"
2026-10-04T23:29:35.677630+00:00	db-suite	3159	SET EXACT ON
2026-10-04T23:29:36.547179+00:00	db-suite	3175	? "A" = "AB"
2026-10-04T23:29:37.415899+00:00	db-suite	3207	SET EXACT OFF
2026-10-04T23:29:38.335852+00:00	db-suite	3228	? CHR(65),ASC("A")
2026-10-04T23:29:39.484719+00:00	db-suite	3248	? SPACE(-1)
2026-10-04T23:29:40.532035+00:00	db-suite	3270	? CTOD("02/29/00")
2026-10-04T23:29:41.681111+00:00	db-suite	3290	? CTOD("02/29/04")
2026-10-04T23:29:42.826801+00:00	db-suite	3313	SET CENTURY ON
2026-10-04T23:29:43.791965+00:00	db-suite	3357	? CTOD("01/01/00")
2026-10-04T23:29:44.944478+00:00	db-suite	3388	SET DATE BRITISH
2026-10-04T23:29:45.994826+00:00	db-suite	3416	? DTOC(CTOD("31/12/99"))
2026-10-04T23:29:47.435105+00:00	db-suite	3443	SET DATE AMERICAN
2026-10-04T23:29:48.548522+00:00	db-suite	3472	? YEAR(DATE()),MONTH(DATE()),DAY(DATE())
2026-10-04T23:29:50.740699+00:00	db-suite	3522	? DATE(),TIME()
2026-10-04T23:29:51.960922+00:00	db-suite	3542	DO SIMPLE
2026-10-04T23:29:52.681264+00:00	db-suite	3551	? X
2026-10-04T23:29:53.119968+00:00	db-suite	3557	DO UPDATE
2026-10-04T23:29:53.834208+00:00	db-suite	3566	GO TOP
2026-10-04T23:29:54.410551+00:00	db-suite	3573	DISPLAY
2026-10-04T23:29:55.033106+00:00	db-suite	3595	DO MISSING
2026-10-04T23:29:55.793397+00:00	db-suite	3605	DISPLAY MEMORY
2026-10-04T23:29:56.737711+00:00	db-suite	3655	LIST MEMORY
2026-10-04T23:29:57.544408+00:00	db-suite	3671	RELEASE ALL
2026-10-04T23:29:58.350935+00:00	db-suite	3689	? X
2026-10-04T23:29:59.007681+00:00	db-suite	3737	USE CLIENTS.DBF ALIAS C
2026-10-04T23:30:00.366891+00:00	db-suite	3793	? ALIAS()
2026-10-04T23:30:01.081824+00:00	db-suite	3825	CLOSE INDEXES
2026-10-04T23:30:01.981092+00:00	db-suite	3859	? RECCOUNT()
2026-10-04T23:30:02.834597+00:00	db-suite	3897	LIST
2026-10-04T23:30:03.319202+00:00	db-suite	3903	USE CLIENTS.DBF
2026-10-04T23:30:04.308329+00:00	db-suite	3920	CLOSE NONSENSE
2026-10-04T23:30:05.254036+00:00	db-suite	3963	? RECCOUNT()
2026-10-04T23:30:06.323495+00:00	db-suite	3981	SELECT 1
2026-10-04T23:30:06.991961+00:00	db-suite	3990	USE CLIENTS.DBF ALIAS ONE
2026-10-04T23:30:08.440927+00:00	db-suite	4017	SELECT 2
2026-10-04T23:30:09.109800+00:00	db-suite	4030	USE CLIENTS.DBF ALIAS TWO
2026-10-04T23:30:10.559563+00:00	db-suite	4052	? ALIAS()
2026-10-04T23:30:11.274484+00:00	db-suite	4071	GO 2
2026-10-04T23:30:11.759093+00:00	db-suite	4077	SELECT ONE
2026-10-04T23:30:12.520124+00:00	db-suite	4088	? ALIAS(),RECNO()
2026-10-04T23:30:13.602961+00:00	db-suite	4106	? TWO->BAL
2026-10-04T23:30:14.364060+00:00	db-suite	4120	SELECT 99
2026-10-04T23:30:15.078899+00:00	db-suite	4130	? ALIAS()
2026-10-04T23:30:15.793974+00:00	db-suite	4143	SELECT 1
2026-10-04T23:30:16.680905+00:00	db-suite	4189	INDEX ON LAST TO NAMES
2026-10-04T23:30:17.994765+00:00	db-suite	4210	SET INDEX TO NAMES
2026-10-04T23:30:19.123375+00:00	db-suite	4256	SET ORDER TO 1
2026-10-04T23:30:20.069084+00:00	db-suite	4297	GO TOP
2026-10-04T23:30:20.645391+00:00	db-suite	4332	LIST
2026-10-04T23:30:21.130625+00:00	db-suite	4369	SEEK "WADDAMS"
2026-10-04T23:30:22.076615+00:00	db-suite	4386	? FOUND(),RECNO()
2026-10-04T23:30:23.159772+00:00	db-suite	4439	FIND WADDAMS
2026-10-04T23:30:24.011341+00:00	db-suite	4452	REINDEX
2026-10-04T23:30:24.633617+00:00	db-suite	4463	SET ORDER TO 0
2026-10-04T23:30:25.577746+00:00	db-suite	4504	SET NEAR ON
2026-10-04T23:30:26.384305+00:00	db-suite	4671	SEEK "ZZZZ"
2026-10-04T23:30:27.409989+00:00	db-suite	4716	ASSIST
2026-10-04T23:30:27.987124+00:00	db-suite	4724	HELP
2026-10-04T23:30:28.472164+00:00	db-suite	4731	BROWSE
2026-10-04T23:30:29.049568+00:00	db-suite	4748	EDIT
2026-10-04T23:30:29.534282+00:00	db-suite	4754	APPEND
2026-10-04T23:30:30.111100+00:00	db-suite	4794	CREATE TEST
2026-10-04T23:30:30.917577+00:00	db-suite	4843	SUM BAL
2026-10-04T23:30:31.541108+00:00	db-suite	4856	COUNT
2026-10-04T23:30:32.071670+00:00	db-suite	4864	COPY TO BACKUP
2026-10-04T23:30:33.015458+00:00	db-suite	4936	SORT TO SORTED ON LAST
2026-10-04T23:30:34.328421+00:00	db-suite	5029	REPORT FORM REPORT
2026-10-04T23:30:35.456732+00:00	db-suite	5148	LABEL FORM LABEL
2026-10-04T23:30:36.494404+00:00	db-suite	5200	DIR
2026-10-04T23:30:36.933320+00:00	db-suite	5244	LIST FILES
2026-10-04T23:30:37.917677+00:00	db-suite	5296	SET TALK OFF
2026-10-04T23:30:38.770006+00:00	db-suite	5346	SET SAFETY ON
2026-10-04T23:30:39.669918+00:00	db-suite	5358	SET DECIMALS TO 4
2026-10-04T23:30:40.753388+00:00	db-suite	5411	? 1/3
2026-10-04T23:30:41.285137+00:00	db-suite	5456	SET DECIMALS TO 1000
2026-10-04T23:30:42.507521+00:00	db-suite	5508	? 1/3
2026-10-04T23:30:43.039419+00:00	db-suite	5556	SET RELATION TO LAST INTO TWO
2026-10-04T23:30:44.675331+00:00	db-suite	5604	SET FILTER TO 1/0
2026-10-04T23:30:45.757618+00:00	db-suite	5623	GO TOP
2026-10-04T23:30:46.334281+00:00	db-suite	5630	LIST
2026-10-04T23:30:46.819343+00:00	db-suite	5641	SET FILTER TO
2026-10-04T23:30:47.719120+00:00	db-suite	5665	@ 5,10 SAY "TEST"
2026-10-04T23:30:48.801526+00:00	db-suite	5709	WAIT "hello"
2026-10-04T23:30:49.653694+00:00	db-suite	5721	CLEAR
2026-10-04T23:30:50.185043+00:00	db-suite	5728	DISPLAY
2026-10-04T23:30:51.026880+00:00	db-suite	5743	USE CLIENTS.DBF
2026-10-04T23:30:52.018687+00:00	db-suite	5762	SET SAFETY ON
2026-10-04T23:30:52.917584+00:00	db-suite	5942	? RECCOUNT()
2026-10-04T23:30:53.771249+00:00	db-suite	5954	ZAP
2026-10-04T23:30:54.210368+00:00	db-suite	5966	? RECCOUNT()
2026-10-04T23:30:55.063470+00:00	db-suite	6016	APPEND BLANK
2026-10-04T23:30:55.916261+00:00	db-suite	6037	REPLACE LAST WITH "AFTERZAP",BAL WITH 1
2026-10-04T23:30:58.009433+00:00	db-suite	6122	USE
2026-10-04T23:30:58.448703+00:00	db-suite	6128	USE CLIENTS.DBF
2026-10-04T23:30:59.439965+00:00	db-suite	6145	LIST
2026-10-04T23:30:59.925109+00:00	db-suite	6157	QUIT
2026-10-04T23:31:12.877106+00:00	finder-stress	12485	apps
2026-10-04T23:32:43.674971+00:00	db-confirm	621	USE CLIENTS.DBF
2026-10-04T23:32:44.866533+00:00	db-confirm	640	GO TOP
2026-10-04T23:32:45.443731+00:00	db-confirm	650	REPLACE NAME WITH "ABCDEFGHIJKLMNO"
2026-10-04T23:32:48.157017+00:00	db-confirm	689	DISPLAY
2026-10-04T23:32:48.780356+00:00	db-confirm	741	REPLACE BAL WITH 999999999
2026-10-04T23:32:50.477937+00:00	db-confirm	771	DISPLAY
2026-10-04T23:32:51.101422+00:00	db-confirm	817	REPLACE BAL WITH 123.45
2026-10-04T23:32:52.660821+00:00	db-confirm	844	APPEND BLANK
2026-10-04T23:32:53.614642+00:00	db-confirm	860	REPLACE NAME WITH "AUDIT",CITY WITH "BERLIN",BAL WITH -12.5
2026-10-04T23:32:57.829736+00:00	db-confirm	923	LIST
2026-10-04T23:32:58.315836+00:00	db-confirm	1089	USE
2026-10-04T23:32:58.755722+00:00	db-confirm	1096	USE CLIENTS.DBF
2026-10-04T23:32:59.950087+00:00	db-confirm	1115	LIST
2026-10-04T23:33:00.461283+00:00	db-confirm	1281	? CTOD("02/29/00")
2026-10-04T23:33:01.590957+00:00	db-confirm	1312	? CTOD("")
2026-10-04T23:33:02.454148+00:00	db-confirm	1335	? CTOD("99/99/99")
2026-10-04T23:33:03.685604+00:00	db-confirm	1366	SET CENTURY ON
2026-10-04T23:33:04.832562+00:00	db-confirm	1384	? DATE()
2026-10-04T23:33:05.603986+00:00	db-confirm	1407	? YEAR(DATE())
2026-10-04T23:33:06.853027+00:00	db-confirm	1430	? CTOD("01/01/00")
2026-10-04T23:33:08.121412+00:00	db-confirm	1463	? ROUND(2.5,0),ROUND(-2.5,0)
2026-10-04T23:33:09.920149+00:00	db-confirm	1500	? ROUND(2.6,0),ROUND(-2.6,0)
2026-10-04T23:33:11.818298+00:00	db-confirm	1537	? -2^2
2026-10-04T23:33:12.398285+00:00	db-confirm	1549	? 1/0
2026-10-04T23:33:12.932398+00:00	db-confirm	1596	? SQRT(-1)
2026-10-04T23:33:13.723149+00:00	db-confirm	1637	CLOSE INDEXES
2026-10-04T23:33:14.828329+00:00	db-confirm	1654	? RECCOUNT()
2026-10-04T23:33:15.886068+00:00	db-confirm	1672	LIST
2026-10-04T23:33:16.372875+00:00	db-confirm	1680	USE CLIENTS.DBF
2026-10-04T23:33:17.569082+00:00	db-confirm	1699	CLOSE FORMAT
2026-10-04T23:33:18.626476+00:00	db-confirm	1715	? RECCOUNT()
2026-10-04T23:33:19.682448+00:00	db-confirm	1733	USE CLIENTS.DBF
2026-10-04T23:33:20.876854+00:00	db-confirm	1752	CLOSE NONSENSE
2026-10-04T23:33:22.025143+00:00	db-confirm	1770	? RECCOUNT()
2026-10-04T23:33:23.093395+00:00	db-confirm	1788	USE CLIENTS.DBF
2026-10-04T23:33:24.285499+00:00	db-confirm	1807	INDEX ON NAME TO NAMES
2026-10-04T23:33:26.000587+00:00	db-confirm	1868	SET INDEX TO NAMES
2026-10-04T23:33:27.431443+00:00	db-confirm	1890	SET ORDER TO 1
2026-10-04T23:33:28.478569+00:00	db-confirm	1932	GO TOP
2026-10-04T23:33:29.057058+00:00	db-confirm	1942	SEEK "WADDAMS"
2026-10-04T23:33:30.306624+00:00	db-confirm	1989	? FOUND(),RECNO()
2026-10-04T23:33:31.720545+00:00	db-confirm	2016	SELECT 1
2026-10-04T23:33:32.391966+00:00	db-confirm	2028	USE CLIENTS.DBF ALIAS ONE
2026-10-04T23:33:34.350301+00:00	db-confirm	2057	GO 1
2026-10-04T23:33:34.836699+00:00	db-confirm	2065	SELECT 2
2026-10-04T23:33:35.509120+00:00	db-confirm	2077	USE CLIENTS.DBF ALIAS TWO
2026-10-04T23:33:37.468436+00:00	db-confirm	2106	GO 2
2026-10-04T23:33:37.954926+00:00	db-confirm	2114	? BAL
2026-10-04T23:33:38.488221+00:00	db-confirm	2127	SELECT ONE
2026-10-04T23:33:39.353618+00:00	db-confirm	2141	? BAL
2026-10-04T23:33:39.887840+00:00	db-confirm	2157	? TWO->BAL
2026-10-04T23:33:40.753949+00:00	db-confirm	2195	SELECT 2
2026-10-04T23:33:41.426074+00:00	db-confirm	2207	? BAL
2026-10-04T23:33:41.959547+00:00	db-confirm	2220	SELECT 1
2026-10-04T23:33:42.661742+00:00	db-confirm	2232	SET SAFETY ON
2026-10-04T23:33:43.770403+00:00	db-confirm	2249	? RECCOUNT()
2026-10-04T23:33:44.833160+00:00	db-confirm	2267	ZAP
2026-10-04T23:33:45.275351+00:00	db-confirm	2274	? RECCOUNT()
2026-10-04T23:33:46.366851+00:00	db-confirm	2292	APPEND BLANK
2026-10-04T23:33:47.428653+00:00	db-confirm	2308	REPLACE NAME WITH "SAFE",CITY WITH "BERLIN",BAL WITH 42
2026-10-04T23:33:51.488600+00:00	db-confirm	2367	LIST
2026-10-04T23:33:51.976900+00:00	db-confirm	2411	DELETE
2026-10-04T23:33:52.557346+00:00	db-confirm	2421	? DELETED()
2026-10-04T23:33:53.572062+00:00	db-confirm	2440	DISPLAY
2026-10-04T23:33:54.299244+00:00	db-confirm	2464	RECALL
2026-10-04T23:33:54.880379+00:00	db-confirm	2474	DISPLAY
2026-10-04T23:33:55.607260+00:00	db-confirm	2498	DELETE
2026-10-04T23:33:56.187150+00:00	db-confirm	2508	PACK
2026-10-04T23:33:56.674789+00:00	db-confirm	2516	? RECCOUNT()
2026-10-04T23:33:57.734825+00:00	db-confirm	2534	APPEND BLANK
2026-10-04T23:33:58.794783+00:00	db-confirm	2550	REPLACE NAME WITH "LAST"
2026-10-04T23:34:00.715298+00:00	db-confirm	2578	USE
2026-10-04T23:34:01.157934+00:00	db-confirm	2585	USE CLIENTS.DBF
2026-10-04T23:34:02.358743+00:00	db-confirm	2604	LIST
2026-10-04T23:34:02.877888+00:00	db-confirm	2683	QUIT
2026-10-04T23:35:03.547420+00:00	db-exit-control	636	USE CLIENTS.DBF
2026-10-04T23:35:04.943341+00:00	db-exit-control	655	LIST
2026-10-04T23:35:05.867681+00:00	db-exit-control	782	QUIT
2026-10-04T23:35:11.324922+00:00	db-exit-two	621	SELECT 1
2026-10-04T23:35:12.396503+00:00	db-exit-two	633	USE CLIENTS.DBF ALIAS ONE
2026-10-04T23:35:14.251446+00:00	db-exit-two	662	SELECT 2
2026-10-04T23:35:15.321841+00:00	db-exit-two	674	USE CLIENTS.DBF ALIAS TWO
2026-10-04T23:35:17.195887+00:00	db-exit-two	703	QUIT
2026-10-04T23:35:37.852433+00:00	db-exit-zap-two	621	SELECT 1
2026-10-04T23:35:38.924363+00:00	db-exit-zap-two	633	USE CLIENTS.DBF ALIAS ONE
2026-10-04T23:35:40.783243+00:00	db-exit-zap-two	662	SELECT 2
2026-10-04T23:35:41.855270+00:00	db-exit-zap-two	674	USE CLIENTS.DBF ALIAS TWO
2026-10-04T23:35:43.714625+00:00	db-exit-zap-two	703	SELECT 1
2026-10-04T23:35:44.784251+00:00	db-exit-zap-two	715	SET SAFETY ON
2026-10-04T23:35:46.083065+00:00	db-exit-zap-two	732	ZAP
2026-10-04T23:35:46.922650+00:00	db-exit-zap-two	739	APPEND BLANK
2026-10-04T23:35:48.176629+00:00	db-exit-zap-two	755	REPLACE NAME WITH "NEW"
2026-10-04T23:35:49.955627+00:00	db-exit-zap-two	782	QUIT
2026-10-04T23:36:10.203507+00:00	dos-edge	978	del READONLY.TXT
2026-10-04T23:36:11.241319+00:00	dos-edge	993	type READONLY.TXT
2026-10-04T23:36:12.333899+00:00	dos-edge	1016	md TEST
2026-10-04T23:36:12.956818+00:00	dos-edge	1052	cd TEST
2026-10-04T23:36:13.579537+00:00	dos-edge	1069	cd \
2026-10-04T23:36:14.064406+00:00	dos-edge	1083	cd
2026-10-04T23:36:14.457542+00:00	dos-edge	1104	cd A:\
2026-10-04T23:36:15.035332+00:00	dos-edge	1116	cd
2026-10-04T23:36:38.054646+00:00	dos-edge	1129	cd ..
2026-10-04T23:36:38.586219+00:00	dos-edge	1140	cd
2026-10-04T23:36:38.979319+00:00	dos-edge	1153	md BAD?NAME
2026-10-04T23:36:39.786806+00:00	dos-edge	1165	cd BAD?NAME
2026-10-04T23:36:40.595168+00:00	dos-edge	1195	cd
2026-10-04T23:36:40.988456+00:00	dos-edge	1224	cd ..
2026-10-04T23:36:41.519912+00:00	dos-edge	1235	md CON
2026-10-04T23:36:41.599107+00:00	soak	5069	q9
2026-10-04T23:36:42.097783+00:00	dos-edge	1247	cd CON
2026-10-04T23:36:42.676470+00:00	dos-edge	1262	cd
2026-10-04T23:36:43.097734+00:00	dos-edge	1281	cd ..
2026-10-04T23:36:43.630932+00:00	dos-edge	1292	echo VALUE > DATEFILE.TXT
2026-10-04T23:36:43.988577+00:00	soak	7526	2
2026-10-04T23:36:44.487267+00:00	soak	13777	Cycle 2
2026-10-04T23:36:45.086297+00:00	dos-edge	1314	copy SELF.BIN FILLED\..\SELF.BIN
2026-10-04T23:36:46.861704+00:00	dos-edge	1347	del A:\DELTEST\*.TXT
2026-10-04T23:36:48.080987+00:00	dos-edge	1432	type KEEP.TXT
2026-10-04T23:36:48.526706+00:00	soak	20820	q9
2026-10-04T23:36:49.001016+00:00	dos-edge	1452	echo EDITME
2026-10-04T23:36:50.737558+00:00	dos-edge	1507	type CON
2026-10-04T23:36:50.895782+00:00	soak	23271	5
2026-10-04T23:36:51.394180+00:00	soak	29522	Cycle 5
2026-10-04T23:36:55.434500+00:00	soak	36587	q9
2026-10-04T23:36:57.799758+00:00	soak	39037	8
2026-10-04T23:36:58.297769+00:00	soak	45270	Cycle 8
2026-10-04T23:37:02.339708+00:00	soak	52312	q9
2026-10-04T23:37:04.711979+00:00	soak	54789	11
2026-10-04T23:37:05.256563+00:00	soak	61280	Cycle 11
2026-10-04T23:37:09.349051+00:00	soak	68566	q9
2026-10-04T23:37:11.716255+00:00	soak	75618	14
2026-10-04T23:37:12.260565+00:00	soak	77536	Cycle 14
2026-10-04T23:37:16.348070+00:00	soak	84820	q9
2026-10-04T23:37:18.718642+00:00	soak	87269	17
2026-10-04T23:37:19.262993+00:00	soak	93760	Cycle 17
2026-10-04T23:37:23.356081+00:00	soak	101085	q9
2026-10-04T23:37:25.730170+00:00	soak	103539	20
2026-10-04T23:37:26.274857+00:00	soak	110030	Cycle 20
2026-10-04T23:37:31.089466+00:00	soak	117528	q9
2026-10-04T23:37:33.470626+00:00	soak	120004	23
2026-10-04T23:37:34.015043+00:00	soak	126495	Cycle 23
2026-10-04T23:37:38.112371+00:00	soak	133819	q9
2026-10-04T23:37:40.490481+00:00	soak	136242	26
2026-10-04T23:37:41.035488+00:00	soak	142715	Cycle 26
2026-10-04T23:37:45.129079+00:00	soak	150064	q9
2026-10-04T23:37:47.505511+00:00	soak	157086	29
2026-10-04T23:37:48.050365+00:00	soak	159004	Cycle 29
2026-10-04T23:37:51.676539+00:00	db-functions	621	USE CLIENTS.DBF
2026-10-04T23:37:52.161148+00:00	soak	166283	q9
2026-10-04T23:37:52.872353+00:00	db-functions	640	? ABS(-4)
2026-10-04T23:37:53.589071+00:00	db-functions	655	? EXP(1)
2026-10-04T23:37:54.260175+00:00	db-functions	694	? IIF(.T.,1,2)
2026-10-04T23:37:54.544378+00:00	soak	168784	32
2026-10-04T23:37:55.089569+00:00	soak	175275	Cycle 32
2026-10-04T23:37:55.210009+00:00	db-functions	714	? INT(-2.9)
2026-10-04T23:37:56.017747+00:00	db-functions	732	? LOG(1)
2026-10-04T23:37:56.687632+00:00	db-functions	771	? MAX(1,2)
2026-10-04T23:37:57.980018+00:00	db-functions	787	? MIN(1,2)
2026-10-04T23:37:58.741684+00:00	db-functions	803	? MOD(-7,3)
2026-10-04T23:37:59.181923+00:00	soak	182582	q9
2026-10-04T23:37:59.549711+00:00	db-functions	821	? ROUND(-2.5,0)
2026-10-04T23:38:00.541020+00:00	db-functions	843	? SQRT(4)
2026-10-04T23:38:01.256333+00:00	db-functions	883	? AT("b","abc")
2026-10-04T23:38:01.555014+00:00	soak	189606	35
2026-10-04T23:38:02.107739+00:00	soak	191524	Cycle 35
2026-10-04T23:38:02.248097+00:00	db-functions	904	? CHR(65)
2026-10-04T23:38:03.489004+00:00	db-functions	919	? LEN("abc")
2026-10-04T23:38:04.344564+00:00	db-functions	937	? LEFT("abc",2)
2026-10-04T23:38:05.437230+00:00	db-functions	959	? RIGHT("abc",2)
2026-10-04T23:38:06.209377+00:00	soak	198875	q9
2026-10-04T23:38:06.577575+00:00	db-functions	982	? LOWER("AB")
2026-10-04T23:38:07.678978+00:00	db-functions	1002	? UPPER("ab")
2026-10-04T23:38:08.593150+00:00	soak	201375	38
2026-10-04T23:38:08.780827+00:00	db-functions	1022	? LTRIM("  a")
2026-10-04T23:38:09.137789+00:00	soak	207866	Cycle 38
2026-10-04T23:38:10.351332+00:00	db-functions	1042	? RTRIM("a  ")
2026-10-04T23:38:11.399449+00:00	db-functions	1062	? TRIM("a  ")
2026-10-04T23:38:12.400295+00:00	db-functions	1081	? REPLICATE("ab",3)
2026-10-04T23:38:13.240003+00:00	soak	215192	q9
2026-10-04T23:38:13.778312+00:00	db-functions	1111	? SPACE(2)
2026-10-04T23:38:14.640574+00:00	db-functions	1128	? STR(12.5,8,2)
2026-10-04T23:38:15.611689+00:00	soak	217647	41
2026-10-04T23:38:15.631885+00:00	db-functions	1156	? SUBSTR("abc",2,1)
2026-10-04T23:38:16.156323+00:00	soak	224138	Cycle 41
2026-10-04T23:38:17.430144+00:00	db-functions	1181	? TRANSFORM(12.5,"999.99")
2026-10-04T23:38:19.130669+00:00	db-functions	1218	? VAL("12.5")
2026-10-04T23:38:20.031422+00:00	db-functions	1241	? DTOC(CTOD("12/31/85"))
2026-10-04T23:38:20.954248+00:00	soak	231637	q9
2026-10-04T23:38:21.740483+00:00	db-functions	1278	? CDOW(CTOD("12/31/85"))
2026-10-04T23:38:23.329155+00:00	soak	234059	44
2026-10-04T23:38:23.348505+00:00	db-functions	1314	? CMONTH(CTOD("12/31/85"))
2026-10-04T23:38:23.873637+00:00	soak	240532	Cycle 44
2026-10-04T23:38:25.150415+00:00	db-functions	1353	? DOW(CTOD("12/31/85"))
2026-10-04T23:38:27.238298+00:00	db-functions	1382	? YEAR(CTOD("12/31/85"))
2026-10-04T23:38:27.978331+00:00	soak	247859	q9
2026-10-04T23:38:28.847406+00:00	db-functions	1415	? MONTH(CTOD("12/31/85"))
2026-10-04T23:38:30.361059+00:00	soak	250348	47
2026-10-04T23:38:30.605016+00:00	db-functions	1447	? DAY(CTOD("12/31/85"))
2026-10-04T23:38:30.905730+00:00	soak	256821	Cycle 47
2026-10-04T23:38:32.167578+00:00	db-functions	1477	? TIME()
2026-10-04T23:38:32.837679+00:00	db-functions	1516	? ALIAS()
2026-10-04T23:38:33.654008+00:00	db-functions	1556	? DBF()
2026-10-04T23:38:34.799615+00:00	db-functions	1575	? BOF()
2026-10-04T23:38:35.000943+00:00	soak	264103	q9
2026-10-04T23:38:35.423649+00:00	db-functions	1590	? EOF()
2026-10-04T23:38:36.047773+00:00	db-functions	1605	? FOUND()
2026-10-04T23:38:36.864065+00:00	db-functions	1622	? DELETED()
2026-10-04T23:38:37.376802+00:00	soak	266580	50
2026-10-04T23:38:37.773802+00:00	db-functions	1641	? RECNO()
2026-10-04T23:38:37.921590+00:00	soak	273071	Cycle 50
2026-10-04T23:38:38.590266+00:00	db-functions	1656	? RECCOUNT()
2026-10-04T23:38:40.164081+00:00	db-functions	1674	? RECSIZE()
2026-10-04T23:38:41.073317+00:00	db-functions	1716	? FCOUNT()
2026-10-04T23:38:41.936583+00:00	db-functions	1757	? FIELD(1)
2026-10-04T23:38:42.024171+00:00	soak	280397	q9
2026-10-04T23:38:42.799339+00:00	db-functions	1776	? TYPE("BAL")
2026-10-04T23:38:43.901436+00:00	db-functions	1795	? FILE("CLIENTS.DBF")
2026-10-04T23:38:44.400395+00:00	soak	283529	53
2026-10-04T23:38:44.944859+00:00	soak	289291	Cycle 53
2026-10-04T23:38:45.573313+00:00	db-functions	1824	? DISKSPACE()
2026-10-04T23:38:47.197122+00:00	db-functions	1868	? VERSION()
2026-10-04T23:38:48.206257+00:00	db-functions	1910	? OS()
2026-10-04T23:38:48.784812+00:00	db-functions	1947	? PCOL()
2026-10-04T23:38:49.046102+00:00	soak	296572	q9
2026-10-04T23:38:49.456511+00:00	db-functions	1986	? PROW()
2026-10-04T23:38:50.227824+00:00	db-functions	2025	? ROW()
2026-10-04T23:38:50.852700+00:00	db-functions	2063	? COL()
2026-10-04T23:38:51.427716+00:00	soak	299001	56
2026-10-04T23:38:51.972916+00:00	soak	305492	Cycle 56
2026-10-04T23:38:52.000544+00:00	db-functions	2101	? ISALPHA("a")
2026-10-04T23:38:53.149795+00:00	db-functions	2123	? ISLOWER("a")
2026-10-04T23:38:54.299824+00:00	db-functions	2145	? ISUPPER("A")
2026-10-04T23:38:55.549387+00:00	db-functions	2167	SET ALTERNATE TO ALT.TXT
2026-10-04T23:38:56.082303+00:00	soak	312796	q9
2026-10-04T23:38:57.458828+00:00	db-functions	2219	SET ALTERNATE ON
2026-10-04T23:38:58.461206+00:00	soak	315297	59
2026-10-04T23:38:58.799349+00:00	db-functions	2263	? "ALTERNATE TEST"
2026-10-04T23:38:59.006028+00:00	soak	321788	Cycle 59
2026-10-04T23:39:00.232720+00:00	db-functions	2300	SET ALTERNATE OFF
2026-10-04T23:39:01.618859+00:00	db-functions	2345	SET ALTERNATE TO
2026-10-04T23:39:03.107405+00:00	soak	329160	q9
2026-10-04T23:39:03.482320+00:00	db-functions	2389	SET DEFAULT TO A
2026-10-04T23:39:04.723222+00:00	db-functions	2433	SET PATH TO A:\
2026-10-04T23:39:05.483573+00:00	soak	331608	62
2026-10-04T23:39:05.916167+00:00	db-functions	2476	SET ESCAPE ON
2026-10-04T23:39:06.028230+00:00	soak	338099	Cycle 62
2026-10-04T23:39:07.018445+00:00	db-functions	2517	SET CONFIRM ON
2026-10-04T23:39:08.166343+00:00	db-functions	2559	SET BELL OFF
2026-10-04T23:39:09.646101+00:00	db-functions	2599	SET CONSOLE OFF
2026-10-04T23:39:10.823422+00:00	soak	345573	q9
2026-10-04T23:39:10.839809+00:00	db-functions	2642	SET CONSOLE ON
2026-10-04T23:39:11.987513+00:00	db-functions	2684	SET HEADING OFF
2026-10-04T23:39:13.181049+00:00	db-functions	2727	SET HEADING ON
2026-10-04T23:39:13.198056+00:00	soak	348050	65
2026-10-04T23:39:13.742692+00:00	soak	354541	Cycle 65
2026-10-04T23:39:14.328326+00:00	db-functions	2769	LIST NAME,BAL
2026-10-04T23:39:15.954662+00:00	db-functions	2866	LIST NAME,BAL OFF
2026-10-04T23:39:17.339449+00:00	db-functions	2940	DISPLAY ALL
2026-10-04T23:39:17.836775+00:00	soak	361870	q9
2026-10-04T23:39:18.349013+00:00	db-functions	3074	INDEX ON NAME TO TESTIDX
2026-10-04T23:39:20.214755+00:00	soak	364275	68
2026-10-04T23:39:20.258825+00:00	db-functions	3137	REINDEX
2026-10-04T23:39:20.759341+00:00	soak	370766	Cycle 68
2026-10-04T23:39:20.883582+00:00	db-functions	3183	COPY STRUCTURE TO STRUCT
2026-10-04T23:39:23.313059+00:00	db-functions	3246	APPEND FROM CLIENTS.DBF
2026-10-04T23:39:24.868421+00:00	soak	378050	q9
2026-10-04T23:39:25.180180+00:00	db-functions	3297	SAVE TO MEMSAVE
2026-10-04T23:39:26.483883+00:00	db-functions	3351	RESTORE FROM MEMSAVE
2026-10-04T23:39:27.327585+00:00	soak	380521	71
2026-10-04T23:39:27.873161+00:00	soak	387012	Cycle 71
2026-10-04T23:39:28.119531+00:00	db-functions	3410	PUBLIC X
2026-10-04T23:39:28.791702+00:00	db-functions	3422	STORE 5 TO X
2026-10-04T23:39:30.178682+00:00	db-functions	3438	? X
2026-10-04T23:39:30.618764+00:00	db-functions	3447	RELEASE X
2026-10-04T23:39:31.336626+00:00	db-functions	3460	? X
2026-10-04T23:39:31.777708+00:00	db-functions	3486	DO SIMPLE
2026-10-04T23:39:31.992396+00:00	soak	394361	q9
2026-10-04T23:39:32.597933+00:00	db-functions	3502	? X
2026-10-04T23:39:33.564439+00:00	db-functions	3511	SET PROCEDURE TO SIMPLE
2026-10-04T23:39:34.379475+00:00	soak	396837	74
2026-10-04T23:39:34.924256+00:00	soak	403328	Cycle 74
2026-10-04T23:39:35.430288+00:00	db-functions	3562	CLOSE PROCEDURE
2026-10-04T23:39:36.725555+00:00	db-functions	3581	LIST
2026-10-04T23:39:37.211974+00:00	db-functions	3589	CLOSE INDEX
2026-10-04T23:39:38.121239+00:00	db-functions	3604	LIST
2026-10-04T23:39:39.036054+00:00	soak	410654	q9
2026-10-04T23:39:39.132898+00:00	db-functions	3612	QUIT
2026-10-04T23:39:41.418245+00:00	soak	413082	77
2026-10-04T23:39:41.963109+00:00	soak	419573	Cycle 77
2026-10-04T23:39:46.099543+00:00	soak	426943	q9
2026-10-04T23:39:48.494515+00:00	soak	433943	80
2026-10-04T23:39:49.039845+00:00	soak	435884	Cycle 80
2026-10-04T23:39:53.164485+00:00	soak	443166	q9
2026-10-04T23:39:55.557314+00:00	soak	450191	83
2026-10-04T23:39:56.102370+00:00	soak	452109	Cycle 83
2026-10-04T23:40:00.912772+00:00	soak	459538	q9
2026-10-04T23:40:03.311355+00:00	soak	461994	86
2026-10-04T23:40:03.856670+00:00	soak	468485	Cycle 86
2026-10-04T23:40:07.983681+00:00	soak	475812	q9
2026-10-04T23:40:10.380019+00:00	soak	478289	89
2026-10-04T23:40:10.924904+00:00	soak	484780	Cycle 89
2026-10-04T23:40:15.031184+00:00	soak	492064	q9
2026-10-04T23:40:17.415039+00:00	soak	494586	92
2026-10-04T23:40:17.959809+00:00	soak	501077	Cycle 92
2026-10-04T23:40:22.076183+00:00	soak	508403	q9
2026-10-04T23:40:24.469655+00:00	soak	513349	95
2026-10-04T23:40:25.014946+00:00	soak	517370	Cycle 95
2026-10-04T23:40:25.600072+00:00	menu-sweep	6852	menu audit
2026-10-04T23:40:29.130745+00:00	soak	524649	q9
2026-10-04T23:40:31.530092+00:00	soak	527121	98
2026-10-04T23:40:32.075622+00:00	soak	533612	Cycle 98
2026-10-04T23:40:36.199683+00:00	soak	540941	q9
2026-10-04T23:40:38.607405+00:00	soak	543441	101
2026-10-04T23:40:39.198680+00:00	soak	550172	Cycle 101
2026-10-04T23:40:43.381179+00:00	soak	557714	q9
2026-10-04T23:40:45.774655+00:00	soak	560313	104
2026-10-04T23:40:46.366223+00:00	soak	566920	Cycle 104
2026-10-04T23:40:51.255481+00:00	soak	574678	q9
2026-10-04T23:40:53.661791+00:00	soak	577686	107
2026-10-04T23:40:54.253607+00:00	soak	583883	Cycle 107
2026-10-04T23:40:58.436993+00:00	soak	591431	q9
2026-10-04T23:41:00.831112+00:00	soak	593903	110
2026-10-04T23:41:01.422244+00:00	soak	600616	Cycle 110
2026-10-04T23:41:05.583329+00:00	soak	608140	q9
2026-10-04T23:41:07.969037+00:00	soak	610616	113
2026-10-04T23:41:08.560893+00:00	soak	617347	Cycle 113
2026-10-04T23:41:12.719864+00:00	soak	624916	q9
2026-10-04T23:41:15.106350+00:00	soak	628087	116
2026-10-04T23:41:15.697762+00:00	soak	634123	Cycle 116
2026-10-04T23:41:19.845176+00:00	soak	641712	q9
2026-10-04T23:41:22.225676+00:00	soak	644167	119
2026-10-04T23:41:22.816297+00:00	soak	650898	Cycle 119
2026-10-04T23:41:26.962325+00:00	soak	658468	q9
2026-10-04T23:41:29.339877+00:00	soak	660918	122
2026-10-04T23:41:29.930870+00:00	soak	667649	Cycle 122
2026-10-04T23:41:34.089695+00:00	soak	675261	q9
2026-10-04T23:41:36.471650+00:00	soak	678592	125
2026-10-04T23:41:37.063047+00:00	soak	684463	Cycle 125
2026-10-04T23:41:41.923551+00:00	soak	692201	q9
2026-10-04T23:41:44.324796+00:00	soak	694672	128
2026-10-04T23:41:44.916596+00:00	soak	701385	Cycle 128
2026-10-04T23:41:49.085259+00:00	soak	708931	q9
2026-10-04T23:41:51.472584+00:00	soak	715961	131
2026-10-04T23:41:52.064056+00:00	soak	718119	Cycle 131
2026-10-04T23:41:56.220801+00:00	soak	725710	q9
2026-10-04T23:41:58.608422+00:00	soak	728186	134
2026-10-04T23:41:59.199917+00:00	soak	734917	Cycle 134
2026-10-04T23:42:03.360219+00:00	soak	742457	q9
2026-10-04T23:42:05.749069+00:00	soak	744979	137
2026-10-04T23:42:06.340793+00:00	soak	751710	Cycle 137
2026-10-04T23:42:08.172026+00:00	dos-env	999	set AUDIT=VALUE
2026-10-04T23:42:09.168917+00:00	dos-env	1014	ENV
2026-10-04T23:42:10.514289+00:00	soak	759256	q9
2026-10-04T23:42:11.639127+00:00	dos-env	1089	for %f in (ONE TWO) do echo %f
2026-10-04T23:42:12.904593+00:00	soak	761725	140
2026-10-04T23:42:13.325514+00:00	dos-env	1151	if exist SELF.BIN echo YES
2026-10-04T23:42:13.495740+00:00	soak	768438	Cycle 140
2026-10-04T23:42:16.859541+00:00	dos-env	1209	copy CTRLZ.TXT ASCII.TXT /A
2026-10-04T23:42:17.668856+00:00	soak	775983	q9
2026-10-04T23:42:18.414711+00:00	dos-env	1232	type ASCII.TXT
2026-10-04T23:42:20.068023+00:00	soak	778455	143
2026-10-04T23:42:20.660100+00:00	soak	785186	Cycle 143
2026-10-04T23:42:21.398533+00:00	dos-env	1304	echo METADATA > STAMP.TXT
2026-10-04T23:42:22.859345+00:00	dos-env	1326	date
2026-10-04T23:42:23.345826+00:00	dos-env	1340	time
2026-10-04T23:42:24.839737+00:00	soak	792754	q9
2026-10-04T23:42:27.241752+00:00	soak	795203	146
2026-10-04T23:42:27.834226+00:00	soak	801934	Cycle 146
2026-10-04T23:42:32.709295+00:00	soak	809602	q9
2026-10-04T23:42:35.087051+00:00	soak	812007	149
2026-10-04T23:42:35.677833+00:00	soak	818738	Cycle 149
2026-10-04T23:42:39.829887+00:00	soak	826327	q9
2026-10-04T23:42:42.213232+00:00	soak	828799	152
2026-10-04T23:42:42.804641+00:00	soak	835530	Cycle 152
2026-10-04T23:42:46.956373+00:00	soak	843051	q9
2026-10-04T23:42:49.343045+00:00	soak	850076	155
2026-10-04T23:42:49.674229+00:00	db-full	681	USE CLIENTS.DBF
2026-10-04T23:42:49.934391+00:00	soak	852234	Cycle 155
2026-10-04T23:42:50.868613+00:00	db-full	700	LIST
2026-10-04T23:42:52.389322+00:00	db-full	827	APPEND BLANK
2026-10-04T23:42:53.345824+00:00	db-full	843	REPLACE NAME WITH "R00",BAL WITH 0
2026-10-04T23:42:54.091368+00:00	soak	859823	q9
2026-10-04T23:42:55.721045+00:00	db-full	881	APPEND BLANK
2026-10-04T23:42:56.476142+00:00	soak	862295	158
2026-10-04T23:42:56.676652+00:00	db-full	897	REPLACE NAME WITH "R01",BAL WITH 1
2026-10-04T23:42:57.067304+00:00	soak	869026	Cycle 158
2026-10-04T23:42:59.149837+00:00	db-full	935	APPEND BLANK
2026-10-04T23:43:00.105259+00:00	db-full	951	REPLACE NAME WITH "R02",BAL WITH 2
2026-10-04T23:43:01.217064+00:00	soak	876613	q9
2026-10-04T23:43:02.477276+00:00	db-full	989	APPEND BLANK
2026-10-04T23:43:03.532804+00:00	db-full	1005	REPLACE NAME WITH "R03",BAL WITH 3
2026-10-04T23:43:03.603992+00:00	soak	879065	161
2026-10-04T23:43:04.194906+00:00	soak	885796	Cycle 161
2026-10-04T23:43:05.901926+00:00	db-full	1043	APPEND BLANK
2026-10-04T23:43:06.957049+00:00	db-full	1059	REPLACE NAME WITH "R04",BAL WITH 4
2026-10-04T23:43:08.337593+00:00	soak	893338	q9
2026-10-04T23:43:09.327722+00:00	db-full	1097	APPEND BLANK
2026-10-04T23:43:10.283976+00:00	db-full	1113	REPLACE NAME WITH "R05",BAL WITH 5
2026-10-04T23:43:10.715923+00:00	soak	900314	164
2026-10-04T23:43:11.306766+00:00	soak	902472	Cycle 164
2026-10-04T23:43:12.754968+00:00	db-full	1151	APPEND BLANK
2026-10-04T23:43:13.709603+00:00	db-full	1167	REPLACE NAME WITH "R06",BAL WITH 6
2026-10-04T23:43:15.455499+00:00	soak	910041	q9
2026-10-04T23:43:16.083246+00:00	db-full	1205	APPEND BLANK
2026-10-04T23:43:17.140867+00:00	db-full	1221	REPLACE NAME WITH "R07",BAL WITH 7
2026-10-04T23:43:17.836392+00:00	soak	912467	167
2026-10-04T23:43:18.427475+00:00	soak	919198	Cycle 167
2026-10-04T23:43:19.512643+00:00	db-full	1259	APPEND BLANK
2026-10-04T23:43:20.467716+00:00	db-full	1275	REPLACE NAME WITH "R08",BAL WITH 8
2026-10-04T23:43:22.939981+00:00	db-full	1313	APPEND BLANK
2026-10-04T23:43:23.277427+00:00	soak	926885	q9
2026-10-04T23:43:23.894572+00:00	db-full	1368	REPLACE NAME WITH "R09",BAL WITH 9
2026-10-04T23:43:25.656857+00:00	soak	933934	170
2026-10-04T23:43:26.247287+00:00	soak	936092	Cycle 170
2026-10-04T23:43:26.366336+00:00	db-full	1445	APPEND BLANK
2026-10-04T23:43:27.421022+00:00	db-full	1500	REPLACE NAME WITH "R10",BAL WITH 10
2026-10-04T23:43:29.937135+00:00	db-full	1578	APPEND BLANK
2026-10-04T23:43:30.385879+00:00	soak	943704	q9
2026-10-04T23:43:30.991933+00:00	db-full	1633	REPLACE NAME WITH "R11",BAL WITH 11
2026-10-04T23:43:32.762116+00:00	soak	947784	173
2026-10-04T23:43:33.353086+00:00	soak	952887	Cycle 173
2026-10-04T23:43:33.508973+00:00	db-full	1711	APPEND BLANK
2026-10-04T23:43:34.564055+00:00	db-full	1766	REPLACE NAME WITH "R12",BAL WITH 12
2026-10-04T23:43:37.082913+00:00	db-full	1844	APPEND BLANK
2026-10-04T23:43:37.503733+00:00	soak	960429	q9
2026-10-04T23:43:38.141006+00:00	db-full	1899	REPLACE NAME WITH "R13",BAL WITH 13
2026-10-04T23:43:39.880604+00:00	soak	962880	176
2026-10-04T23:43:40.471316+00:00	soak	969611	Cycle 176
2026-10-04T23:43:40.658486+00:00	db-full	1977	APPEND BLANK
2026-10-04T23:43:41.712989+00:00	db-full	2032	REPLACE NAME WITH "R14",BAL WITH 14
2026-10-04T23:43:44.231663+00:00	db-full	2110	APPEND BLANK
2026-10-04T23:43:44.619486+00:00	soak	977221	q9
2026-10-04T23:43:45.287843+00:00	db-full	2165	REPLACE NAME WITH "R15",BAL WITH 15
2026-10-04T23:43:46.997927+00:00	soak	984250	179
2026-10-04T23:43:47.588618+00:00	soak	986408	Cycle 179
2026-10-04T23:43:47.805649+00:00	db-full	2243	APPEND BLANK
2026-10-04T23:43:48.860476+00:00	db-full	2298	REPLACE NAME WITH "R16",BAL WITH 16
2026-10-04T23:43:51.376850+00:00	db-full	2376	APPEND BLANK
2026-10-04T23:43:51.736178+00:00	soak	993971	q9
2026-10-04T23:43:52.432487+00:00	db-full	2431	REPLACE NAME WITH "R17",BAL WITH 17
2026-10-04T23:43:54.116380+00:00	soak	996421	182
2026-10-04T23:43:54.707014+00:00	soak	1003152	Cycle 182
2026-10-04T23:43:54.951830+00:00	db-full	2509	? RECCOUNT()
2026-10-04T23:43:57.035596+00:00	db-full	2528	USE
2026-10-04T23:43:57.475485+00:00	db-full	2535	USE CLIENTS.DBF
2026-10-04T23:43:58.670493+00:00	db-full	2578	LIST
2026-10-04T23:43:58.859230+00:00	soak	1010718	q9
2026-10-04T23:44:00.182031+00:00	db-full	2586	QUIT
2026-10-04T23:44:01.240889+00:00	soak	1017745	185
2026-10-04T23:44:01.831717+00:00	soak	1019903	Cycle 185
2026-10-04T23:44:06.000105+00:00	soak	1027446	q9
2026-10-04T23:44:08.398477+00:00	soak	1029922	188
2026-10-04T23:44:08.989807+00:00	soak	1036653	Cycle 188
2026-10-04T23:44:13.828471+00:00	soak	1044416	q9
2026-10-04T23:44:16.214786+00:00	soak	1046850	191
2026-10-04T23:44:16.805927+00:00	soak	1053581	Cycle 191
2026-10-04T23:44:20.954887+00:00	soak	1061168	q9
2026-10-04T23:44:23.331168+00:00	soak	1068192	194
2026-10-04T23:44:23.921537+00:00	soak	1070350	Cycle 194
2026-10-04T23:44:28.059298+00:00	soak	1077917	q9
2026-10-04T23:44:30.438652+00:00	soak	1080346	197
2026-10-04T23:44:31.029460+00:00	soak	1087077	Cycle 197
2026-10-04T23:44:35.177174+00:00	soak	1094666	q9
2026-10-04T23:44:37.554564+00:00	soak	1101137	200
2026-10-04T23:44:38.144805+00:00	soak	1103874	Cycle 200
2026-10-04T23:44:42.279769+00:00	soak	1111418	q9
2026-10-04T23:44:44.661638+00:00	soak	1113846	203
2026-10-04T23:44:45.252678+00:00	soak	1120577	Cycle 203
2026-10-04T23:44:49.400688+00:00	soak	1128145	q9
2026-10-04T23:44:51.779298+00:00	soak	1130574	206
2026-10-04T23:44:52.369843+00:00	soak	1137305	Cycle 206
2026-10-04T23:44:56.509992+00:00	soak	1144896	q9
2026-10-04T23:44:58.882152+00:00	soak	1147325	209
2026-10-04T23:44:59.472182+00:00	soak	1154056	Cycle 209
2026-10-04T23:45:09.479617+00:00	db-final	621	USE CLIENTS.DBF
2026-10-04T23:45:11.698493+00:00	db-final	640	? TYPE("BAL"),TYPE("1+1"),TYPE("MISSING"),TYPE("DATE()")
2026-10-04T23:45:16.991176+00:00	db-final	708	? 1/0
2026-10-04T23:45:18.539853+00:00	db-final	755	SET SAFETY ON
2026-10-04T23:45:20.559080+00:00	db-final	772	ZAP
2026-10-04T23:45:22.016042+00:00	db-final	779	? RECCOUNT()
2026-10-04T23:45:23.993249+00:00	db-final	797	QUIT
2026-10-04T23:45:52.949278+00:00	gui-final	3625	text should appear
2026-10-04T23:47:27.678114+00:00	dos-last	934	SAMIR < INPUT.TXT > DBOUT.TXT
2026-10-04T23:47:29.308592+00:00	dos-last	957	TYPE DBOUT.TXT
2026-10-04T23:47:29.372292+00:00	app-boundaries	6594	Keep me
2026-10-04T23:47:31.311182+00:00	app-boundaries	9772	QUIT
2026-10-04T23:47:32.280486+00:00	dos-last	1039	copy *.PRG ALL.PRG
2026-10-04T23:47:33.409579+00:00	dos-last	1057	ren *.PRG *.TXT
2026-10-04T23:47:36.411771+00:00	dos-last	1126	ver
2026-10-04T23:49:04.935940+00:00	dos-final	978	echo REPEAT
2026-10-04T23:49:07.065741+00:00	dos-final	1009	command /c echo CHILD
2026-10-04T23:49:09.355167+00:00	dos-final	1062	exit
2026-10-04T23:49:10.841765+00:00	dos-final	1090	ver
2026-10-04T23:53:31.133867+00:00	cell-stress	10590649	2
2026-10-04T23:56:56.439990+00:00	dos-ascii	978	copy CTRLZ.TXT /A ASCII2.TXT
2026-10-04T23:56:58.033714+00:00	dos-ascii	1003	type ASCII2.TXT
2026-10-04T23:56:59.026928+00:00	dos-ascii	1051	dir
2026-10-04T23:57:01.490557+00:00	dos-ascii	1471	copy /A CTRLZ.TXT ASCII3.TXT
2026-10-04T23:57:03.084842+00:00	dos-ascii	1496	type ASCII3.TXT
2026-10-04T23:57:04.089224+00:00	dos-ascii	1544	copy CTRLZ.TXT /B BIN2.TXT
2026-10-04T23:57:05.605458+00:00	dos-ascii	1589	type BIN2.TXT
2026-10-04T23:58:45.623121+00:00	db-program	621	USE CLIENTS.DBF
2026-10-04T23:58:47.551013+00:00	db-program	640	DO STRESS
2026-10-04T23:58:49.086207+00:00	db-program	698	? N
2026-10-04T23:58:50.244531+00:00	db-program	710	DISPLAY STATUS
2026-10-04T23:58:52.118432+00:00	db-program	747	LIST STATUS
2026-10-04T23:58:53.754513+00:00	db-program	781	DIRECTORY
2026-10-04T23:58:55.297655+00:00	db-program	829	AVERAGE BAL
2026-10-04T23:58:56.927797+00:00	db-program	879	SORT TO SORTED ON NAME
2026-10-04T23:58:59.273546+00:00	db-program	940	COPY FILE SIMPLE.PRG TO COPY.PRG
2026-10-04T23:59:02.378306+00:00	db-program	1011	TYPE COPY.PRG
2026-10-04T23:59:04.106508+00:00	db-program	1063	RENAME COPY.PRG TO RENAMED.PRG
2026-10-04T23:59:07.115826+00:00	db-program	1132	ERASE RENAMED.PRG
2026-10-04T23:59:09.133737+00:00	db-program	1188	INSERT
2026-10-04T23:59:10.445455+00:00	db-program	1233	JOIN WITH CLIENTS TO JOINED FOR .T.
2026-10-04T23:59:13.815867+00:00	db-program	1307	TOTAL ON CITY TO TOTAL
2026-10-04T23:59:16.279754+00:00	db-program	1368	RUN VER
2026-10-04T23:59:17.637405+00:00	db-program	1414	SET FUNCTION 1 TO "LIST"
2026-10-04T23:59:20.187724+00:00	db-program	1466	CLEAR MEMORY
2026-10-04T23:59:21.974280+00:00	db-program	1517	? N
2026-10-04T23:59:23.144052+00:00	db-program	1529	CLOSE ALL
2026-10-04T23:59:24.593095+00:00	db-program	1542	QUIT
2026-10-04T23:59:54.398690+00:00	dos-utilities	978	APPEND
2026-10-04T23:59:54.979907+00:00	dos-utilities	1016	ASSIGN
2026-10-04T23:59:55.560877+00:00	dos-utilities	1054	BACKUP
2026-10-04T23:59:56.143067+00:00	dos-utilities	1092	CHCP
2026-10-04T23:59:56.630492+00:00	dos-utilities	1128	COMP
2026-10-04T23:59:57.118003+00:00	dos-utilities	1164	CTTY
2026-10-04T23:59:57.605320+00:00	dos-utilities	1200	DISKCOMP
2026-10-04T23:59:59.324537+00:00	dos-utilities	1240	EXE2BIN
2026-10-04T23:59:59.951144+00:00	dos-utilities	1279	FASTOPEN
2026-10-05T00:00:00.627850+00:00	dos-utilities	1288	FC
2026-10-05T00:00:01.022615+00:00	dos-utilities	1353	GRAPHICS
2026-10-05T00:00:01.696226+00:00	dos-utilities	1362	JOIN
2026-10-05T00:00:02.183423+00:00	dos-utilities	1429	KEYB
2026-10-05T00:00:02.670935+00:00	dos-utilities	1465	LABEL
2026-10-05T00:00:04.235581+00:00	dos-utilities	1502	MODE
2026-10-05T00:00:04.723024+00:00	dos-utilities	1538	NLSFUNC
2026-10-05T00:00:05.349694+00:00	dos-utilities	1572	PRINT
2026-10-05T00:00:05.882606+00:00	dos-utilities	1614	RECOVER
2026-10-05T00:00:06.508595+00:00	dos-utilities	1648	REPLACE
2026-10-05T00:00:07.134861+00:00	dos-utilities	1687	RESTORE
2026-10-05T00:00:07.760504+00:00	dos-utilities	1726	SELECT
2026-10-05T00:00:09.368651+00:00	dos-utilities	1769	SHARE
2026-10-05T00:00:09.902312+00:00	dos-utilities	1806	SUBST
2026-10-05T00:00:10.435818+00:00	dos-utilities	1843	SYS
2026-10-05T00:00:10.876845+00:00	dos-utilities	1878	XCOPY
2026-10-05T00:00:11.410745+00:00	dos-utilities	1915	DEBUG
2026-10-05T00:00:11.944524+00:00	dos-utilities	1952	EDLIN
